,Tavg,RH_avg,RR,ff_avg
0,28.1,80.0,21.3,5.0
1,29.7,75.0,11.408783783783784,6.0
2,28.3,78.0,11.408783783783784,7.0
3,29.0,76.0,11.408783783783784,6.0
4,27.8,72.0,0.3,10.0
5,28.3,74.0,11.408783783783784,7.0
6,27.9,78.0,11.408783783783784,4.0
7,28.7,77.0,11.408783783783784,5.0
8,28.3,80.0,11.408783783783784,4.0
9,30.0,70.0,11.408783783783784,4.0
10,27.1,77.0,0.3,6.0
11,27.9,68.0,0.2,6.0
12,27.9,81.0,1.5,6.0
13,25.6,87.0,12.2,5.0
14,24.4,93.0,9.7,5.0
15,26.6,76.0,19.3,9.0
16,25.9,87.0,11.408783783783784,3.0
17,25.1,92.0,2.3,2.0
18,26.1,84.0,6.0,7.0
19,26.5,84.0,1.3,7.0
20,27.0,82.0,6.2,5.0
21,25.6,89.0,4.5,10.0
22,26.7,84.0,1.5,7.0
23,27.1,84.0,7.8,5.0
24,25.8,85.0,26.0,6.0
25,26.9,83.0,11.408783783783784,7.0
26,28.0,76.0,4.2,6.0
27,25.2,90.0,1.3,6.0
28,25.8,86.0,7.6,7.0
29,26.0,90.0,10.7,6.0
30,26.9,84.0,4.4,5.0
31,27.4,86.0,3.0,1.0
32,27.6,83.0,20.6,2.0
33,27.1,86.0,11.408783783783784,2.0
34,27.4,85.0,1.3,2.0
35,25.0,92.0,19.1,2.0
36,24.9,92.0,16.9,2.0
37,25.4,91.0,11.3,1.0
38,25.6,93.0,1.7,2.0
39,25.9,91.0,38.3,2.0
40,27.0,86.0,7.7,3.0
41,26.2,89.0,0.4,3.0
42,26.8,84.0,11.408783783783784,3.0
43,26.8,87.0,1.7,1.0
44,26.1,87.0,0.5,1.0
45,25.4,92.0,1.4,2.0
46,26.9,81.0,24.7,2.0
47,27.6,76.0,11.408783783783784,2.0
48,26.9,83.0,2.0,2.0
49,25.7,93.0,0.4,2.0
50,27.0,86.0,15.7,3.0
51,26.9,87.0,11.408783783783784,2.0
52,26.8,89.0,16.8,1.0
53,27.3,86.0,11.408783783783784,2.0
54,27.7,79.0,0.0,2.0
55,27.6,84.0,16.6,2.0
56,27.0,86.0,4.0,2.0
57,27.5,85.0,32.0,2.0
58,27.4,86.0,0.6,1.0
59,27.3,85.0,11.408783783783784,0.0
60,27.7,84.0,3.6,4.0
61,26.7,90.0,11.408783783783784,4.0
62,27.8,85.0,27.7,3.0
63,27.3,85.0,11.408783783783784,3.0
64,27.4,85.0,3.0,4.0
65,26.8,87.0,0.1,7.0
66,26.8,89.0,34.2,5.0
67,27.4,85.0,16.1,6.0
68,27.6,83.0,11.408783783783784,5.0
69,27.6,87.0,5.3,6.0
70,27.2,85.0,26.2,5.0
71,27.0,88.0,11.408783783783784,3.0
72,26.8,86.0,11.408783783783784,3.0
73,29.3,74.0,12.0,6.0
74,27.6,82.0,11.408783783783784,4.0
75,26.9,88.0,14.1,3.0
76,27.2,80.0,2.3,3.0
77,27.9,80.0,3.4,4.0
78,27.0,84.0,13.0,6.0
79,26.3,83.0,36.8,6.0
80,26.3,84.0,11.408783783783784,3.0
81,27.8,80.0,9.6,5.0
82,26.1,87.0,11.408783783783784,4.0
83,27.0,488.0,11.408783783783784,7.0
84,27.7,83.0,10.5,5.0
85,27.6,80.0,11.408783783783784,4.0
86,27.2,84.0,11.408783783783784,5.0
87,27.3,80.0,2.0,5.0
88,27.8,78.0,9.0,5.0
89,28.9,77.0,11.408783783783784,7.0
90,28.4,78.0,11.408783783783784,5.0
91,27.6,81.0,11.408783783783784,5.0
92,28.5,80.0,0.2,5.0
93,28.3,79.0,6.5,4.0
94,28.9,76.0,11.408783783783784,5.0
95,28.9,76.0,19.3,4.0
96,28.8,76.0,11.408783783783784,5.0
97,27.2,82.0,10.2,5.0
98,27.6,82.0,20.2,3.0
99,28.7,73.0,1.5,5.0
100,28.6,77.0,11.408783783783784,5.0
101,29.6,73.0,11.408783783783784,5.0
102,29.4,77.0,11.408783783783784,5.0
103,29.2,80.0,11.408783783783784,4.0
104,28.3,81.0,11.408783783783784,4.0
105,28.5,79.0,13.9,4.0
106,27.4,84.0,31.2,4.0
107,26.8,88.0,11.408783783783784,2.0
108,27.8,84.0,5.6,2.0
109,26.6,87.0,11.408783783783784,3.0
110,27.4,84.0,62.6,3.0
111,27.3,85.0,0.4,4.0
112,26.2,92.0,86.3,3.0
113,27.0,88.0,10.2,4.0
114,25.5,94.0,2.0,5.0
115,25.8,91.0,3.5,4.0
116,27.4,81.0,2.8,5.0
117,28.1,80.0,7.0,4.0
118,29.0,73.0,11.408783783783784,3.0
119,28.2,77.0,20.2,4.0
120,28.8,71.0,11.408783783783784,6.0
121,28.5,71.0,11.408783783783784,4.0
122,27.5,76.0,11.408783783783784,3.0
123,27.6,81.0,11.408783783783784,3.0
124,28.3,77.0,11.408783783783784,5.0
125,29.2,70.0,11.408783783783784,6.0
126,29.4,71.0,11.408783783783784,6.0
127,29.3,74.0,11.408783783783784,3.0
128,29.2,71.0,11.408783783783784,5.0
129,30.0,66.0,11.408783783783784,5.0
130,29.0,71.0,11.408783783783784,6.0
131,28.5,71.0,11.408783783783784,4.0
132,29.5,74.0,11.408783783783784,6.0
133,29.6,68.0,11.408783783783784,4.0
134,28.8,73.0,11.408783783783784,5.0
135,29.1,74.0,11.408783783783784,5.0
136,28.4,76.0,11.408783783783784,4.0
137,28.7,80.0,11.408783783783784,4.0
138,27.0,87.0,11.408783783783784,4.0
139,27.4,82.0,11.408783783783784,4.0
140,27.7,82.0,21.9,4.0
141,29.0,74.0,11.408783783783784,6.0
142,28.4,79.0,0.4,5.0
143,28.5,78.0,7.0,5.0
144,28.1,83.0,11.408783783783784,3.0
145,29.2,77.0,11.408783783783784,4.0
146,26.5,86.0,11.408783783783784,4.0
147,28.2,86.0,45.8,3.0
148,28.5,77.0,3.6,5.0
149,28.0,78.0,11.408783783783784,3.0
150,28.3,75.0,11.408783783783784,4.0
151,28.1,70.0,11.408783783783784,6.0
152,27.4,77.0,11.408783783783784,4.0
153,28.7,78.0,2.0,5.0
154,28.8,77.0,11.408783783783784,5.0
155,29.2,78.0,11.408783783783784,3.0
156,29.1,77.0,11.408783783783784,4.0
157,28.8,78.0,11.408783783783784,4.0
158,28.2,78.0,11.408783783783784,5.0
159,28.6,77.0,11.408783783783784,3.0
160,28.7,79.0,11.408783783783784,3.0
161,29.3,72.0,11.408783783783784,5.0
162,27.8,80.0,11.408783783783784,2.0
163,28.2,78.0,26.5,5.0
164,28.4,75.0,7.3,3.0
165,27.8,81.0,3.2,3.0
166,28.3,77.0,0.2,3.0
167,29.0,72.0,11.408783783783784,4.0
168,28.4,71.0,11.408783783783784,6.0
169,28.2,68.0,11.408783783783784,3.0
170,29.2,67.0,11.408783783783784,6.0
171,29.3,68.0,11.408783783783784,5.0
172,28.4,74.0,11.408783783783784,5.0
173,28.9,71.0,11.408783783783784,4.0
174,27.0,80.0,7.4,5.0
175,24.3,90.0,5.0,3.0
176,25.3,85.0,6.8,4.0
177,27.2,75.0,21.2,2.0
178,27.1,80.0,11.408783783783784,3.0
179,26.9,82.0,11.408783783783784,4.0
180,27.9,75.0,11.408783783783784,3.0
181,27.7,74.0,11.408783783783784,4.0
182,27.8,75.0,11.408783783783784,5.0
183,27.9,75.0,11.408783783783784,4.0
184,27.8,71.0,11.408783783783784,2.0
185,27.7,68.0,11.408783783783784,3.0
186,26.9,64.0,11.408783783783784,4.0
187,27.3,60.0,11.408783783783784,6.0
188,28.0,67.0,11.408783783783784,4.0
189,28.1,69.0,11.408783783783784,2.0
190,28.5,71.0,11.408783783783784,3.0
191,28.3,71.0,11.408783783783784,3.0
192,27.2,65.0,11.408783783783784,2.0
193,27.2,69.0,11.408783783783784,4.0
194,27.4,71.0,11.408783783783784,4.0
195,27.5,64.0,11.408783783783784,3.0
196,27.7,62.0,11.408783783783784,4.0
197,27.4,66.0,11.408783783783784,3.0
198,27.6,68.0,11.408783783783784,2.0
199,28.0,70.0,11.408783783783784,3.0
200,28.3,74.0,11.408783783783784,4.0
201,28.9,70.0,11.408783783783784,3.0
202,28.9,72.0,11.408783783783784,3.0
203,27.9,74.0,1.5,4.0
204,28.6,75.0,11.408783783783784,4.0
205,26.8,74.0,11.408783783783784,4.0
206,26.6,68.0,11.408783783783784,5.0
207,25.8,68.0,11.408783783783784,4.0
208,25.6,69.0,11.408783783783784,3.0
209,27.1,69.0,11.408783783783784,3.0
210,27.0,70.0,11.408783783783784,3.0
211,27.8,71.0,11.408783783783784,3.0
212,28.2,71.0,11.408783783783784,3.0
213,28.1,65.0,3.8,3.0
214,27.1,64.0,11.408783783783784,4.0
215,26.6,62.0,11.408783783783784,3.0
216,27.1,62.0,11.408783783783784,6.0
217,26.9,60.0,11.408783783783784,4.0
218,27.7,63.0,11.408783783783784,2.0
219,27.4,69.0,11.408783783783784,3.0
220,28.3,72.0,11.408783783783784,4.0
221,28.6,70.0,11.408783783783784,5.0
222,27.9,68.0,1.0,3.0
223,28.3,70.0,11.408783783783784,4.0
224,29.2,72.0,11.408783783783784,5.0
225,28.6,74.0,11.408783783783784,5.0
226,28.7,66.0,11.408783783783784,4.0
227,27.8,68.0,11.408783783783784,4.0
228,27.6,68.0,11.408783783783784,4.0
229,27.2,65.0,11.408783783783784,4.0
230,27.4,62.0,11.408783783783784,5.0
231,27.8,68.0,11.408783783783784,5.0
232,28.8,68.0,11.408783783783784,3.0
233,29.0,68.0,11.408783783783784,4.0
234,28.3,71.0,11.408783783783784,4.0
235,28.4,68.0,11.408783783783784,5.0
236,28.6,70.0,11.408783783783784,4.0
237,28.2,68.0,11.408783783783784,4.0
238,28.9,69.0,11.408783783783784,4.0
239,29.0,68.0,11.408783783783784,4.0
240,28.3,73.0,0.2,4.0
241,29.0,68.0,11.408783783783784,4.0
242,28.8,68.0,11.408783783783784,3.0
243,25.9,74.0,2.6,5.0
244,27.5,80.0,11.408783783783784,7.0
245,28.2,71.0,43.5,3.0
246,27.9,62.0,0.5,5.0
247,27.5,64.0,11.408783783783784,4.0
248,29.0,63.0,11.408783783783784,8.0
249,27.9,68.0,11.408783783783784,4.0
250,28.8,70.0,11.408783783783784,5.0
251,28.9,60.0,11.408783783783784,6.0
252,29.0,58.0,11.408783783783784,6.0
253,29.4,62.0,11.408783783783784,4.0
254,29.3,62.0,11.408783783783784,4.0
255,27.8,66.0,11.408783783783784,4.0
256,28.2,63.0,11.408783783783784,4.0
257,28.0,70.0,11.408783783783784,8.0
258,28.3,58.0,11.408783783783784,7.0
259,29.3,55.0,11.408783783783784,7.0
260,29.3,58.0,11.408783783783784,7.0
261,28.6,34.0,11.408783783783784,6.0
262,28.2,74.0,11.408783783783784,4.0
263,27.6,76.0,11.408783783783784,3.0
264,29.1,68.0,11.408783783783784,6.0
265,29.2,70.0,11.408783783783784,4.0
266,28.0,70.0,11.408783783783784,5.0
267,28.4,68.0,11.408783783783784,5.0
268,28.9,69.0,11.408783783783784,3.0
269,28.5,75.0,9.0,5.0
270,28.9,65.0,0.5,7.0
271,29.1,63.0,11.408783783783784,4.0
272,29.3,64.0,11.408783783783784,4.0
273,29.4,68.0,11.408783783783784,4.0
274,29.1,71.0,11.408783783783784,4.0
275,29.7,72.0,11.408783783783784,4.0
276,30.0,72.0,11.408783783783784,5.0
277,30.3,68.0,0.3,3.0
278,29.8,69.0,11.408783783783784,5.0
279,29.5,59.0,11.408783783783784,8.0
280,29.5,60.0,11.408783783783784,6.0
281,30.0,54.0,11.408783783783784,4.0
282,29.4,66.0,11.408783783783784,4.0
283,30.1,66.0,11.408783783783784,6.0
284,29.3,70.0,11.408783783783784,8.0
285,29.5,67.0,11.408783783783784,3.0
286,29.7,66.0,11.408783783783784,4.0
287,29.9,68.0,11.408783783783784,4.0
288,29.5,72.0,11.408783783783784,3.0
289,29.3,69.0,11.408783783783784,4.0
290,29.3,67.0,11.408783783783784,7.0
291,29.4,70.0,8.3,2.0
292,28.1,74.0,11.408783783783784,3.0
293,29.7,69.0,0.5,6.0
294,29.7,72.0,11.408783783783784,4.0
295,27.2,82.0,27.0,5.0
296,29.3,70.0,10.5,4.0
297,29.1,71.0,0.4,4.0
298,29.6,71.0,11.408783783783784,4.0
299,28.2,79.0,19.1,3.0
300,28.4,80.0,26.7,5.0
301,28.5,80.0,21.2,3.0
302,28.8,76.0,11.408783783783784,4.0
303,29.2,71.0,11.408783783783784,3.0
304,29.0,73.0,11.408783783783784,4.0
305,29.2,72.0,1.2,5.0
306,27.7,76.0,11.408783783783784,3.0
307,29.0,75.0,1.3,4.0
308,29.2,74.0,11.408783783783784,4.0
309,27.1,81.0,11.408783783783784,3.0
310,27.1,84.0,6.1,4.0
311,27.7,83.0,12.5,3.0
312,26.3,90.0,1.5,4.0
313,27.2,84.0,7.6,2.0
314,27.1,84.0,0.3,4.0
315,27.4,85.0,1.1,4.0
316,26.7,84.0,0.2,4.0
317,28.4,75.0,2.8,6.0
318,30.0,69.0,11.408783783783784,4.0
319,30.9,65.0,0.2,4.0
320,30.0,70.0,11.408783783783784,5.0
321,28.2,80.0,11.408783783783784,3.0
322,29.4,74.0,4.7,4.0
323,28.7,75.0,11.408783783783784,4.0
324,28.1,76.0,11.408783783783784,6.0
325,29.4,74.0,11.408783783783784,5.0
326,28.0,80.0,11.408783783783784,3.0
327,27.3,81.0,57.6,5.0
328,27.4,83.0,0.4,7.0
329,27.1,82.0,6.2,4.0
330,27.2,81.0,11.408783783783784,5.0
331,26.8,89.0,65.4,4.0
332,27.97032364234778,79.55896873285792,11.408783783783784,2.0191675794085433
333,27.5,83.0,0.7,1.0
334,28.4,79.0,11.408783783783784,1.0
335,29.1,75.0,11.408783783783784,2.0
336,26.6,90.0,1.0,1.0
337,27.2,85.0,18.9,1.0
338,27.6,83.0,21.0,1.0
339,27.5,84.0,0.4,1.0
340,28.8,78.0,2.0,1.0
341,27.9,81.0,0.8,1.0
342,27.8,84.0,11.408783783783784,1.0
343,25.9,93.0,9.8,1.0
344,27.3,88.0,18.8,1.0
345,26.8,87.0,84.0,1.0
346,27.8,84.0,33.2,1.0
347,28.5,79.0,4.5,4.0
348,27.6,80.0,11.408783783783784,3.0
349,28.3,76.0,11.408783783783784,3.0
350,30.0,69.0,11.408783783783784,2.0
351,28.9,75.0,11.408783783783784,2.0
352,27.8,82.0,0.2,2.0
353,28.6,76.0,2.0,2.0
354,28.6,72.0,11.408783783783784,2.0
355,28.4,78.0,11.408783783783784,2.0
356,26.7,80.0,11.408783783783784,4.0
357,27.7,77.0,11.408783783783784,4.0
358,27.1,83.0,11.408783783783784,3.0
359,26.2,87.0,1.1,2.0
360,27.6,79.0,11.408783783783784,3.0
361,28.6,76.0,11.408783783783784,4.0
362,28.9,76.0,11.408783783783784,4.0
363,29.8,73.0,11.408783783783784,4.0
364,27.97032364234778,79.55896873285792,11.408783783783784,3.0
365,25.4,88.0,16.1,3.0
366,27.3,81.0,1.0,3.0
367,27.4,76.0,4.5,4.0
368,28.7,73.0,11.408783783783784,3.0
369,28.0,76.0,11.408783783783784,2.0
370,28.3,79.0,46.0,1.0
371,29.1,78.0,11.408783783783784,2.0
372,27.9,84.0,11.408783783783784,1.0
373,28.0,84.0,3.5,1.0
374,27.2,86.0,16.6,2.0
375,28.2,81.0,1.1,2.0
376,29.0,80.0,11.408783783783784,2.0
377,27.8,86.0,0.5,1.0
378,26.5,88.0,30.2,2.0
379,27.7,84.0,11.408783783783784,2.0
380,26.7,89.0,11.408783783783784,1.0
381,26.9,86.0,7.1,3.0
382,27.5,86.0,2.0,2.0
383,26.7,86.0,0.8,1.0
384,27.9,82.0,2.6,1.0
385,26.1,92.0,11.408783783783784,1.0
386,24.8,94.0,45.3,1.0
387,26.6,90.0,24.0,2.0
388,27.6,83.0,11.408783783783784,2.0
389,25.9,90.0,26.4,1.0
390,27.6,87.0,19.2,2.0
391,26.9,90.0,7.5,2.0
392,27.3,88.0,2.9,2.0
393,27.8,85.0,0.2,2.0
394,27.2,85.0,24.5,2.0
395,26.7,86.0,11.408783783783784,2.0
396,25.8,90.0,11.408783783783784,1.0
397,27.3,87.0,32.4,1.0
398,28.2,84.0,11.408783783783784,2.0
399,27.3,85.0,1.3,2.0
400,27.0,88.0,15.0,2.0
401,28.3,86.0,6.4,2.0
402,28.6,81.0,11.408783783783784,2.0
403,28.0,83.0,11.408783783783784,2.0
404,27.3,86.0,11.408783783783784,1.0
405,28.3,82.0,11.408783783783784,2.0
406,27.6,84.0,3.0,2.0
407,27.4,85.0,2.5,1.0
408,28.1,83.0,11.408783783783784,1.0
409,28.3,80.0,0.0,2.0
410,28.1,82.0,11.408783783783784,2.0
411,27.8,84.0,11.408783783783784,1.0
412,27.5,84.0,77.4,2.0
413,28.3,80.0,11.408783783783784,1.0
414,28.0,81.0,11.408783783783784,1.0
415,27.7,84.0,0.0,1.0
416,27.3,87.0,1.3,1.0
417,27.0,89.0,5.7,2.0
418,26.7,86.0,3.8,2.0
419,27.8,85.0,8.2,1.0
420,28.4,83.0,11.408783783783784,2.0
421,28.7,80.0,1.8,2.0
422,29.5,79.0,11.408783783783784,2.0
423,29.3,81.0,11.408783783783784,1.0
424,27.4,87.0,11.408783783783784,1.0
425,27.7,86.0,4.1,1.0
426,26.6,90.0,22.2,1.0
427,28.0,82.0,5.0,1.0
428,26.9,87.0,27.5,1.0
429,25.1,91.0,15.5,1.0
430,26.8,84.0,3.1,1.0
431,28.4,77.0,11.408783783783784,1.0
432,27.5,81.0,11.408783783783784,2.0
433,28.1,78.0,11.408783783783784,2.0
434,26.9,85.0,11.408783783783784,2.0
435,27.6,82.0,11.408783783783784,2.0
436,27.6,83.0,6.2,1.0
437,27.2,83.0,7.5,1.0
438,28.5,82.0,11.408783783783784,1.0
439,27.6,81.0,0.8,3.0
440,27.5,81.0,11.408783783783784,1.0
441,27.4,84.0,11.408783783783784,2.0
442,26.5,86.0,1.6,4.0
443,27.7,83.0,11.408783783783784,2.0
444,27.2,84.0,11.408783783783784,1.0
445,27.8,85.0,31.6,3.0
446,27.6,82.0,11.408783783783784,3.0
447,28.2,81.0,11.408783783783784,3.0
448,27.2,83.0,11.408783783783784,2.0
449,28.5,82.0,0.5,2.0
450,27.6,86.0,19.0,1.0
451,28.5,80.0,0.7,2.0
452,28.1,77.0,11.408783783783784,1.0
453,28.8,75.0,11.408783783783784,1.0
454,27.9,80.0,11.408783783783784,1.0
455,26.9,82.0,7.5,1.0
456,27.5,84.0,47.4,1.0
457,27.1,84.0,5.4,1.0
458,28.7,78.0,5.2,1.0
459,28.1,83.0,19.6,2.0
460,27.2,84.0,0.8,2.0
461,26.9,88.0,44.3,1.0
462,28.1,86.0,38.5,1.0
463,28.7,82.0,0.0,2.0
464,28.8,84.0,11.408783783783784,1.0
465,29.0,80.0,11.408783783783784,2.0
466,28.3,82.0,11.408783783783784,1.0
467,28.7,81.0,3.7,1.0
468,28.8,77.0,1.3,1.0
469,28.1,83.0,11.408783783783784,1.0
470,27.7,82.0,1.0,0.0
471,28.3,80.0,19.0,1.0
472,29.2,80.0,0.0,2.0
473,28.3,83.0,11.408783783783784,1.0
474,27.1,88.0,8.7,1.0
475,29.2,78.0,11.408783783783784,2.0
476,29.4,74.0,1.4,3.0
477,30.2,70.0,11.408783783783784,2.0
478,26.8,90.0,11.408783783783784,1.0
479,28.1,79.0,49.6,2.0
480,27.4,88.0,13.2,1.0
481,26.8,90.0,46.7,1.0
482,27.2,88.0,49.6,1.0
483,27.8,89.0,0.2,1.0
484,27.8,89.0,20.7,1.0
485,27.3,79.0,2.7,4.0
486,28.6,79.0,11.408783783783784,3.0
487,28.5,78.0,0.0,1.0
488,28.6,82.0,11.408783783783784,2.0
489,28.4,79.0,22.2,2.0
490,28.1,80.0,2.2,1.0
491,28.1,83.0,11.408783783783784,1.0
492,27.8,85.0,23.0,1.0
493,27.1,88.0,1.3,1.0
494,27.6,87.0,73.4,1.0
495,28.4,81.0,17.8,2.0
496,28.7,80.0,0.0,2.0
497,28.8,78.0,11.408783783783784,1.0
498,29.4,75.0,11.408783783783784,2.0
499,28.8,78.0,11.408783783783784,2.0
500,28.0,85.0,2.1,1.0
501,28.4,82.0,25.9,1.0
502,28.6,74.0,2.5,1.0
503,28.8,76.0,11.408783783783784,1.0
504,29.2,78.0,11.408783783783784,1.0
505,29.1,74.0,0.0,1.0
506,29.7,74.0,11.408783783783784,2.0
507,29.6,69.0,11.408783783783784,2.0
508,29.3,68.0,0.0,3.0
509,29.5,73.0,11.408783783783784,1.0
510,29.3,72.0,11.408783783783784,1.0
511,29.6,72.0,11.408783783783784,2.0
512,29.8,71.0,11.408783783783784,2.0
513,29.5,74.0,0.0,2.0
514,29.1,76.0,0.0,2.0
515,29.2,74.0,11.408783783783784,1.0
516,29.0,73.0,11.408783783783784,1.0
517,27.9,82.0,11.408783783783784,1.0
518,27.8,77.0,6.1,0.0
519,28.7,72.0,11.408783783783784,2.0
520,29.0,72.0,0.0,2.0
521,29.6,73.0,11.408783783783784,2.0
522,28.9,78.0,11.408783783783784,1.0
523,27.6,79.0,31.6,1.0
524,27.8,82.0,39.4,1.0
525,27.8,80.0,11.408783783783784,1.0
526,28.6,77.0,4.8,1.0
527,28.8,76.0,11.408783783783784,1.0
528,29.4,80.0,11.408783783783784,1.0
529,27.8,83.0,0.0,1.0
530,28.6,81.0,16.5,1.0
531,29.1,81.0,11.408783783783784,1.0
532,28.1,79.0,6.8,1.0
533,27.8,73.0,11.408783783783784,2.0
534,27.8,70.0,11.408783783783784,2.0
535,28.4,71.0,0.0,1.0
536,28.2,74.0,11.408783783783784,1.0
537,28.0,73.0,11.408783783783784,1.0
538,27.9,73.0,0.0,1.0
539,27.9,71.0,11.408783783783784,1.0
540,28.2,69.0,11.408783783783784,2.0
541,27.9,73.0,0.0,2.0
542,28.5,68.0,11.408783783783784,2.0
543,28.5,72.0,11.408783783783784,1.0
544,28.3,67.0,0.0,2.0
545,28.5,69.0,11.408783783783784,1.0
546,27.7,71.0,0.0,2.0
547,28.1,69.0,11.408783783783784,2.0
548,28.5,70.0,0.0,2.0
549,28.3,80.0,11.408783783783784,2.0
550,27.9,78.0,0.0,1.0
551,28.6,72.0,3.0,2.0
552,29.1,72.0,11.408783783783784,2.0
553,28.9,72.0,0.0,2.0
554,28.3,76.0,0.8,1.0
555,27.4,70.0,11.408783783783784,2.0
556,27.4,70.0,0.0,2.0
557,27.6,70.0,11.408783783783784,1.0
558,28.1,71.0,11.408783783783784,1.0
559,27.4,74.0,0.0,1.0
560,27.0,71.0,11.408783783783784,2.0
561,27.8,65.0,11.408783783783784,1.0
562,26.9,64.0,0.0,2.0
563,27.1,66.0,11.408783783783784,2.0
564,28.7,67.0,11.408783783783784,2.0
565,29.5,68.0,11.408783783783784,1.0
566,29.8,68.0,11.408783783783784,2.0
567,29.2,74.0,11.408783783783784,1.0
568,28.6,70.0,11.408783783783784,2.0
569,28.6,71.0,11.408783783783784,2.0
570,27.8,75.0,11.408783783783784,2.0
571,27.9,80.0,11.408783783783784,2.0
572,27.8,78.0,0.0,2.0
573,28.3,79.0,0.0,1.0
574,27.9,78.0,0.0,1.0
575,28.1,76.0,11.408783783783784,1.0
576,28.2,74.0,11.408783783783784,2.0
577,27.7,73.0,0.0,2.0
578,28.1,75.0,11.408783783783784,2.0
579,27.97032364234778,79.55896873285792,11.408783783783784,1.0
580,27.7,69.0,11.408783783783784,1.0
581,27.3,59.0,0.0,2.0
582,27.2,60.0,11.408783783783784,2.0
583,27.4,62.0,0.0,2.0
584,27.6,71.0,11.408783783783784,1.0
585,27.7,69.0,11.408783783783784,1.0
586,27.4,69.0,0.0,2.0
587,28.1,71.0,11.408783783783784,2.0
588,27.7,69.0,11.408783783783784,2.0
589,27.9,70.0,0.0,2.0
590,28.6,70.0,11.408783783783784,1.0
591,28.8,72.0,11.408783783783784,1.0
592,28.1,75.0,0.0,2.0
593,28.3,72.0,11.408783783783784,1.0
594,28.3,65.0,11.408783783783784,2.0
595,27.7,71.0,0.0,2.0
596,27.9,64.0,11.408783783783784,2.0
597,29.1,60.0,11.408783783783784,4.0
598,28.6,72.0,11.408783783783784,2.0
599,28.0,73.0,11.408783783783784,1.0
600,27.8,73.0,11.408783783783784,2.0
601,27.9,72.0,11.408783783783784,2.0
602,28.1,70.0,11.408783783783784,1.0
603,28.1,74.0,11.408783783783784,2.0
604,27.6,80.0,11.408783783783784,2.0
605,28.0,75.0,8.4,2.0
606,28.5,70.0,11.408783783783784,2.0
607,27.3,66.0,0.0,2.0
608,28.0,70.0,11.408783783783784,2.0
609,28.3,72.0,11.408783783783784,1.0
610,28.9,71.0,11.408783783783784,1.0
611,28.9,75.0,11.408783783783784,2.0
612,28.4,73.0,0.0,1.0
613,27.5,70.0,0.0,2.0
614,28.5,67.0,11.408783783783784,2.0
615,28.8,66.0,11.408783783783784,2.0
616,28.3,70.0,11.408783783783784,2.0
617,30.0,57.0,0.0,4.0
618,29.0,58.0,11.408783783783784,2.0
619,28.1,68.0,11.408783783783784,2.0
620,27.4,66.0,0.0,2.0
621,27.4,65.0,11.408783783783784,2.0
622,27.4,69.0,0.0,2.0
623,29.1,70.0,11.408783783783784,2.0
624,28.3,72.0,11.408783783783784,2.0
625,28.9,70.0,0.0,2.0
626,29.2,68.0,11.408783783783784,2.0
627,28.6,63.0,11.408783783783784,2.0
628,28.6,64.0,0.0,2.0
629,29.2,64.0,11.408783783783784,2.0
630,28.8,66.0,11.408783783783784,3.0
631,29.1,67.0,0.0,3.0
632,29.4,72.0,11.408783783783784,2.0
633,29.8,68.0,11.408783783783784,2.0
634,29.6,66.0,0.0,2.0
635,29.7,66.0,11.408783783783784,2.0
636,29.5,70.0,11.408783783783784,2.0
637,29.6,67.0,0.0,3.0
638,28.8,69.0,11.408783783783784,1.0
639,29.3,68.0,11.408783783783784,2.0
640,29.3,72.0,11.408783783783784,2.0
641,29.8,63.0,11.408783783783784,3.0
642,29.3,62.0,0.0,2.0
643,29.4,62.0,11.408783783783784,2.0
644,29.5,62.0,11.408783783783784,2.0
645,29.8,66.0,11.408783783783784,2.0
646,28.8,76.0,33.3,1.0
647,28.8,76.0,11.408783783783784,1.0
648,28.9,74.0,11.408783783783784,2.0
649,29.7,70.0,11.408783783783784,1.0
650,29.3,70.0,0.0,2.0
651,29.3,71.0,11.408783783783784,2.0
652,29.5,68.0,11.408783783783784,2.0
653,29.2,70.0,0.0,2.0
654,29.3,76.0,6.5,1.0
655,28.5,74.0,2.0,1.0
656,29.6,74.0,11.408783783783784,2.0
657,29.5,66.0,0.0,2.0
658,30.0,62.0,0.0,3.0
659,30.5,59.0,11.408783783783784,2.0
660,30.5,64.0,11.408783783783784,2.0
661,29.9,66.0,0.0,2.0
662,30.2,68.0,11.408783783783784,1.0
663,29.6,67.0,0.0,2.0
664,28.7,74.0,0.0,1.0
665,29.3,72.0,3.3,2.0
666,29.1,72.0,0.0,2.0
667,29.0,68.0,11.408783783783784,1.0
668,29.7,68.0,0.0,2.0
669,28.1,76.0,11.408783783783784,1.0
670,27.0,80.0,11.408783783783784,2.0
671,27.7,78.0,76.0,1.0
672,29.1,74.0,0.2,2.0
673,29.3,70.0,11.408783783783784,1.0
674,28.8,70.0,6.2,2.0
675,28.5,72.0,1.5,1.0
676,28.8,65.0,0.0,2.0
677,29.7,67.0,11.408783783783784,1.0
678,29.3,72.0,11.408783783783784,1.0
679,29.7,73.0,0.0,2.0
680,28.8,77.0,11.408783783783784,1.0
681,28.8,76.0,8.5,2.0
682,27.7,78.0,11.408783783783784,2.0
683,30.1,70.0,11.408783783783784,2.0
684,29.9,68.0,11.408783783783784,2.0
685,30.0,69.0,0.0,2.0
686,30.6,68.0,11.408783783783784,2.0
687,29.6,72.0,0.0,2.0
688,29.6,72.0,11.408783783783784,1.0
689,28.5,77.0,0.0,2.0
690,28.1,80.0,11.408783783783784,1.0
691,29.1,74.0,0.2,2.0
692,29.7,72.0,11.408783783783784,1.0
693,29.2,73.0,0.0,1.0
694,27.7,83.0,0.2,1.0
695,28.1,84.0,6.1,1.0
696,29.7,74.0,7.0,1.0
697,29.2,77.0,0.0,2.0
698,27.8,83.0,3.0,1.0
699,30.2,74.0,4.3,1.0
700,29.4,79.0,4.5,0.0
701,27.3,84.0,11.408783783783784,2.0
702,29.4,77.0,9.9,2.0
703,28.7,79.0,7.9,2.0
704,28.2,83.0,11.408783783783784,2.0
705,27.2,86.0,0.2,1.0
706,28.7,79.0,2.0,2.0
707,29.3,74.0,11.408783783783784,1.0
708,26.5,90.0,11.5,1.0
709,26.9,83.0,33.8,2.0
710,26.4,86.0,6.5,1.0
711,28.1,80.0,0.0,2.0
712,28.9,74.0,11.408783783783784,2.0
713,28.0,80.0,0.0,1.0
714,27.7,84.0,2.0,1.0
715,26.8,89.0,1.7,1.0
716,27.5,82.0,13.3,1.0
717,28.2,82.0,11.408783783783784,2.0
718,29.2,76.0,11.408783783783784,1.0
719,29.4,78.0,11.408783783783784,1.0
720,27.3,86.0,41.7,1.0
721,27.3,83.0,5.4,2.0
722,28.6,79.0,11.408783783783784,2.0
723,26.2,94.0,25.2,0.0
724,26.8,86.0,0.3,1.0
725,27.0,88.0,4.1,1.0
726,26.9,88.0,17.6,1.0
727,27.3,86.0,11.408783783783784,1.0
728,28.6,80.0,0.6,2.0
729,27.9,84.0,11.408783783783784,2.0
730,24.6,98.0,208.9,1.0
731,26.6,90.0,43.9,2.0
732,27.7,86.0,1.3,3.0
733,27.4,88.0,1.0,2.0
734,27.3,88.0,0.2,1.0
735,26.1,92.0,22.5,1.0
736,26.9,90.0,2.2,2.0
737,26.5,91.0,18.0,0.0
738,26.6,92.0,7.5,2.0
739,24.8,96.0,15.2,2.0
740,26.5,87.0,1.1,3.0
741,27.9,81.0,11.408783783783784,2.0
742,28.0,83.0,1.2,2.0
743,28.6,78.0,11.408783783783784,2.0
744,27.2,86.0,6.5,2.0
745,27.7,83.0,0.0,2.0
746,28.4,82.0,3.0,2.0
747,26.6,88.0,74.0,1.0
748,28.1,82.0,0.1,2.0
749,28.4,83.0,11.408783783783784,1.0
750,28.1,84.0,2.5,2.0
751,28.1,87.0,11.408783783783784,1.0
752,28.3,85.0,1.0,1.0
753,27.97032364234778,79.55896873285792,3.9,0.0
754,26.6,92.0,4.3,2.0
755,27.9,84.0,1.2,2.0
756,27.8,83.0,12.5,1.0
757,28.7,81.0,0.2,1.0
758,29.2,79.0,11.408783783783784,2.0
759,27.2,83.0,1.5,2.0
760,27.1,90.0,1.3,2.0
761,25.2,97.0,61.3,1.0
762,26.0,91.0,24.6,0.0
763,25.8,94.0,11.9,1.0
764,26.4,90.0,4.7,2.0
765,27.0,90.0,0.8,2.0
766,26.2,93.0,26.4,1.0
767,26.7,90.0,0.2,2.0
768,26.6,88.0,27.5,2.0
769,26.0,87.0,11.0,2.0
770,28.1,78.0,4.5,3.0
771,29.0,78.0,11.408783783783784,2.0
772,28.8,77.0,11.408783783783784,2.0
773,28.8,80.0,11.408783783783784,2.0
774,27.4,87.0,11.408783783783784,1.0
775,27.6,84.0,2.8,2.0
776,26.5,88.0,11.408783783783784,2.0
777,26.3,91.0,13.8,0.0
778,26.5,87.0,21.5,2.0
779,26.8,86.0,11.408783783783784,2.0
780,26.5,90.0,30.3,2.0
781,27.3,85.0,14.7,2.0
782,27.9,85.0,30.0,2.0
783,27.6,88.0,44.8,2.0
784,28.1,84.0,17.3,3.0
785,26.9,90.0,86.7,1.0
786,27.8,84.0,2.1,2.0
787,27.7,86.0,5.0,2.0
788,27.2,88.0,10.0,1.0
789,27.0,90.0,11.408783783783784,2.0
790,27.4,90.0,21.5,2.0
791,28.1,85.0,7.6,2.0
792,28.9,79.0,11.408783783783784,2.0
793,27.4,87.0,11.408783783783784,2.0
794,26.9,84.0,2.9,2.0
795,28.5,81.0,2.5,3.0
796,28.2,76.0,11.408783783783784,3.0
797,28.4,80.0,11.408783783783784,2.0
798,28.7,76.0,0.2,3.0
799,29.2,77.0,11.408783783783784,2.0
800,28.9,84.0,5.0,1.0
801,27.2,89.0,12.3,1.0
802,27.4,84.0,15.8,2.0
803,29.0,81.0,11.408783783783784,1.0
804,28.5,83.0,4.2,1.0
805,27.1,88.0,6.5,2.0
806,28.6,80.0,35.8,1.0
807,26.5,93.0,8.9,1.0
808,26.5,90.0,11.9,1.0
809,26.1,89.0,15.5,1.0
810,27.4,85.0,44.6,1.0
811,27.1,86.0,11.408783783783784,1.0
812,27.4,84.0,30.0,1.0
813,27.1,86.0,9.7,1.0
814,27.9,82.0,5.8,1.0
815,28.4,81.0,11.408783783783784,1.0
816,27.9,85.0,0.5,1.0
817,28.4,82.0,11.408783783783784,1.0
818,28.6,82.0,11.408783783783784,2.0
819,26.8,88.0,2.5,1.0
820,27.6,85.0,20.9,1.0
821,28.2,80.0,4.4,1.0
822,28.7,79.0,11.408783783783784,3.0
823,28.2,82.0,11.408783783783784,2.0
824,29.6,78.0,11.408783783783784,2.0
825,28.2,83.0,11.408783783783784,1.0
826,27.6,87.0,6.0,1.0
827,28.0,83.0,6.5,3.0
828,27.5,84.0,11.408783783783784,1.0
829,27.8,88.0,11.2,0.0
830,27.8,87.0,7.0,1.0
831,28.3,84.0,30.5,1.0
832,28.5,84.0,5.7,1.0
833,27.7,88.0,0.6,1.0
834,27.5,88.0,5.6,1.0
835,27.6,88.0,20.6,1.0
836,28.6,83.0,3.2,1.0
837,29.1,80.0,11.408783783783784,1.0
838,27.9,81.0,0.0,1.0
839,29.3,79.0,11.408783783783784,1.0
840,30.1,76.0,11.408783783783784,1.0
841,29.4,75.0,11.408783783783784,2.0
842,29.3,72.0,11.408783783783784,2.0
843,30.4,74.0,0.0,2.0
844,27.3,84.0,11.408783783783784,1.0
845,28.0,76.0,18.0,1.0
846,27.9,83.0,11.408783783783784,1.0
847,27.1,90.0,13.6,1.0
848,26.7,89.0,79.5,1.0
849,26.2,90.0,1.2,1.0
850,27.0,88.0,47.4,1.0
851,27.2,87.0,29.0,1.0
852,26.0,88.0,1.3,0.0
853,28.1,80.0,0.3,1.0
854,27.9,82.0,11.408783783783784,1.0
855,29.3,78.0,1.5,2.0
856,27.9,85.0,11.408783783783784,2.0
857,28.7,80.0,70.2,2.0
858,27.7,88.0,0.0,0.0
859,27.3,88.0,22.4,1.0
860,27.6,86.0,11.408783783783784,1.0
861,28.8,80.0,0.3,2.0
862,29.1,79.0,11.408783783783784,1.0
863,28.9,80.0,13.9,1.0
864,29.3,75.0,0.0,2.0
865,29.5,74.0,0.0,2.0
866,29.3,77.0,11.408783783783784,3.0
867,29.9,76.0,11.408783783783784,1.0
868,27.1,88.0,11.408783783783784,1.0
869,28.3,80.0,19.1,1.0
870,28.8,80.0,11.408783783783784,2.0
871,28.2,82.0,19.4,1.0
872,29.5,77.0,0.0,1.0
873,29.4,76.0,0.6,2.0
874,29.8,72.0,11.408783783783784,3.0
875,29.8,75.0,11.408783783783784,2.0
876,29.0,82.0,11.408783783783784,2.0
877,28.8,80.0,0.0,1.0
878,28.9,80.0,11.408783783783784,1.0
879,29.2,78.0,0.1,1.0
880,28.3,78.0,11.408783783783784,2.0
881,28.5,82.0,0.0,1.0
882,27.9,81.0,6.9,2.0
883,29.0,75.0,11.408783783783784,2.0
884,26.9,87.0,0.2,2.0
885,28.7,74.0,10.2,3.0
886,28.5,78.0,11.408783783783784,1.0
887,28.4,77.0,1.5,1.0
888,28.7,75.0,0.0,1.0
889,28.8,80.0,11.408783783783784,2.0
890,27.3,86.0,14.2,1.0
891,28.6,77.0,11.408783783783784,2.0
892,29.5,74.0,11.408783783783784,2.0
893,28.6,77.0,3.0,2.0
894,28.7,75.0,0.0,1.0
895,29.6,73.0,1.5,2.0
896,29.7,77.0,11.408783783783784,2.0
897,29.5,78.0,0.0,2.0
898,29.3,71.0,11.408783783783784,2.0
899,29.5,74.0,0.0,1.0
900,28.2,82.0,11.408783783783784,1.0
901,29.5,72.0,0.5,1.0
902,28.7,78.0,11.408783783783784,1.0
903,28.0,78.0,11.408783783783784,1.0
904,28.0,79.0,1.8,1.0
905,27.3,82.0,11.408783783783784,1.0
906,28.5,76.0,2.4,2.0
907,28.8,78.0,11.408783783783784,1.0
908,29.1,74.0,0.0,2.0
909,29.4,70.0,11.408783783783784,1.0
910,29.7,66.0,11.408783783783784,2.0
911,28.8,71.0,11.408783783783784,2.0
912,28.9,72.0,0.0,1.0
913,26.3,88.0,0.0,1.0
914,27.8,80.0,34.9,1.0
915,28.1,76.0,11.408783783783784,2.0
916,28.3,70.0,11.408783783783784,3.0
917,28.5,70.0,0.0,2.0
918,28.4,75.0,11.408783783783784,1.0
919,28.6,74.0,0.0,2.0
920,27.7,75.0,0.1,1.0
921,27.8,77.0,0.0,1.0
922,28.6,74.0,11.408783783783784,1.0
923,28.8,76.0,11.408783783783784,1.0
924,28.7,74.0,11.408783783783784,2.0
925,28.3,77.0,0.0,1.0
926,27.2,80.0,4.0,2.0
927,28.1,79.0,2.4,2.0
928,29.0,70.0,0.0,1.0
929,28.8,76.0,11.408783783783784,1.0
930,28.8,75.0,11.408783783783784,1.0
931,28.1,76.0,11.408783783783784,0.0
932,27.9,82.0,4.7,1.0
933,28.6,76.0,0.8,2.0
934,29.0,73.0,11.408783783783784,1.0
935,28.9,80.0,0.5,1.0
936,28.9,70.0,11.408783783783784,2.0
937,28.1,68.0,11.408783783783784,2.0
938,28.2,68.0,0.0,2.0
939,28.1,68.0,11.408783783783784,2.0
940,28.3,70.0,11.408783783783784,1.0
941,28.7,71.0,0.0,1.0
942,28.0,60.0,11.408783783783784,2.0
943,27.7,61.0,0.0,1.0
944,28.2,70.0,11.408783783783784,1.0
945,28.6,71.0,11.408783783783784,2.0
946,29.0,70.0,0.0,1.0
947,28.0,76.0,11.408783783783784,1.0
948,28.9,74.0,0.0,1.0
949,29.2,76.0,11.408783783783784,1.0
950,28.7,78.0,0.0,1.0
951,28.7,78.0,7.5,1.0
952,28.9,76.0,1.5,2.0
953,26.2,89.0,0.0,1.0
954,28.3,78.0,37.2,2.0
955,26.4,88.0,11.408783783783784,0.0
956,26.4,88.0,28.7,1.0
957,27.8,82.0,3.0,2.0
958,28.5,76.0,0.0,1.0
959,28.9,74.0,0.0,2.0
960,26.6,86.0,6.7,1.0
961,28.3,77.0,1.1,1.0
962,29.0,74.0,11.408783783783784,2.0
963,28.4,72.0,11.408783783783784,3.0
964,28.8,64.0,11.408783783783784,2.0
965,29.4,70.0,0.0,2.0
966,28.4,71.0,0.0,2.0
967,28.5,65.0,0.0,2.0
968,28.9,70.0,11.408783783783784,1.0
969,28.6,65.0,11.408783783783784,2.0
970,28.5,66.0,0.0,2.0
971,29.4,66.0,11.408783783783784,2.0
972,29.0,72.0,11.408783783783784,2.0
973,29.1,72.0,11.408783783783784,2.0
974,31.5,56.0,11.408783783783784,2.0
975,29.8,68.0,11.408783783783784,1.0
976,30.6,66.0,2.5,2.0
977,31.7,60.0,0.0,2.0
978,31.5,68.0,11.408783783783784,1.0
979,30.7,68.0,0.0,1.0
980,31.1,62.0,11.408783783783784,1.0
981,31.8,53.0,11.408783783783784,3.0
982,31.9,56.0,0.0,2.0
983,30.1,70.0,0.0,1.0
984,30.5,68.0,3.0,1.0
985,30.9,66.0,0.0,1.0
986,31.4,60.0,11.408783783783784,2.0
987,27.9,77.0,2.0,1.0
988,28.5,79.0,92.8,1.0
989,29.3,65.0,20.8,1.0
990,30.1,64.0,5.2,2.0
991,30.9,63.0,11.408783783783784,2.0
992,31.6,58.0,11.408783783783784,2.0
993,26.6,87.0,0.0,1.0
994,29.8,72.0,15.5,2.0
995,28.1,79.0,31.7,1.0
996,30.8,68.0,7.3,1.0
997,31.1,68.0,11.408783783783784,1.0
998,31.7,63.0,11.408783783783784,2.0
999,30.2,71.0,11.408783783783784,1.0
1000,29.9,70.0,11.408783783783784,1.0
1001,30.8,66.0,0.0,2.0
1002,31.0,62.0,0.0,1.0
1003,31.8,57.0,11.408783783783784,2.0
1004,30.0,69.0,11.408783783783784,2.0
1005,27.6,80.0,11.408783783783784,2.0
1006,26.7,84.0,20.6,1.0
1007,29.1,72.0,23.7,2.0
1008,28.3,72.0,67.5,1.0
1009,28.7,70.0,0.0,1.0
1010,28.4,72.0,11.408783783783784,1.0
1011,29.1,68.0,11.408783783783784,2.0
1012,25.9,91.0,12.6,1.0
1013,28.0,79.0,43.5,1.0
1014,28.0,82.0,65.0,1.0
1015,28.7,76.0,0.0,1.0
1016,28.7,74.0,11.408783783783784,1.0
1017,28.8,79.0,11.408783783783784,1.0
1018,29.8,70.0,11.408783783783784,1.0
1019,27.9,80.0,0.0,1.0
1020,28.0,81.0,76.0,0.0
1021,26.6,85.0,11.408783783783784,1.0
1022,26.8,88.0,41.2,1.0
1023,27.4,82.0,17.0,1.0
1024,27.4,85.0,0.2,0.0
1025,27.8,82.0,6.0,2.0
1026,28.8,73.0,0.0,3.0
1027,29.1,76.0,11.408783783783784,1.0
1028,26.1,90.0,11.408783783783784,1.0
1029,26.2,87.0,19.5,1.0
1030,26.0,89.0,79.1,0.0
1031,28.4,78.0,3.6,1.0
1032,29.1,74.0,0.0,2.0
1033,28.9,75.0,0.0,2.0
1034,27.1,84.0,11.408783783783784,1.0
1035,26.0,90.0,3.7,2.0
1036,27.1,85.0,15.6,3.0
1037,28.4,81.0,11.408783783783784,2.0
1038,28.0,80.0,0.3,1.0
1039,26.3,88.0,5.8,0.0
1040,27.3,86.0,4.5,1.0
1041,27.7,80.0,9.2,1.0
1042,26.3,86.0,0.4,1.0
1043,28.6,76.0,5.5,2.0
1044,29.1,74.0,0.0,1.0
1045,29.2,75.0,4.6,1.0
1046,29.0,77.0,11.408783783783784,2.0
1047,29.9,76.0,11.408783783783784,2.0
1048,30.2,74.0,0.0,1.0
1049,29.8,69.0,0.0,2.0
1050,29.5,76.0,0.0,2.0
1051,28.8,79.0,1.2,1.0
1052,28.1,81.0,11.408783783783784,1.0
1053,29.4,73.0,20.3,1.0
1054,28.9,79.0,0.0,1.0
1055,27.8,81.0,3.6,1.0
1056,26.6,86.0,27.0,1.0
1057,26.7,88.0,13.7,1.0
1058,26.9,84.0,0.3,2.0
1059,27.9,82.0,34.7,2.0
1060,29.0,76.0,11.408783783783784,1.0
1061,29.0,73.0,0.0,2.0
1062,28.9,76.0,1.9,2.0
1063,27.7,81.0,0.0,4.0
1064,26.9,84.0,2.5,3.0
1065,28.2,77.0,11.408783783783784,4.0
1066,29.6,73.0,11.408783783783784,2.0
1067,26.4,85.0,15.8,1.0
1068,27.8,82.0,2.5,2.0
1069,26.5,85.0,2.0,2.0
1070,25.6,93.0,13.8,1.0
1071,25.3,91.0,46.5,2.0
1072,27.2,83.0,14.9,3.0
1073,27.3,88.0,1.3,2.0
1074,27.1,84.0,2.0,2.0
1075,28.0,82.0,1.0,2.0
1076,27.1,80.0,1.5,2.0
1077,26.7,85.0,11.408783783783784,1.0
1078,27.4,82.0,11.408783783783784,3.0
1079,27.6,80.0,11.0,3.0
1080,27.5,81.0,0.0,4.0
1081,26.9,83.0,6.8,3.0
1082,27.3,82.0,11.408783783783784,4.0
1083,27.2,80.0,11.408783783783784,3.0
1084,26.8,84.0,11.408783783783784,3.0
1085,26.7,83.0,0.4,3.0
1086,27.8,80.0,0.0,2.0
1087,28.3,77.0,0.3,2.0
1088,27.9,78.0,0.0,3.0
1089,28.3,76.0,11.408783783783784,3.0
1090,28.2,74.0,0.1,3.0
1091,29.0,74.0,0.0,2.0
1092,28.1,77.0,11.408783783783784,3.0
1093,27.1,82.0,0.1,3.0
1094,27.0,81.0,0.3,2.0
1095,26.4,88.0,0.5,2.0
1096,25.7,92.0,26.8,1.0
1097,27.3,83.0,33.8,2.0
1098,27.9,79.0,11.408783783783784,3.0
1099,27.9,81.0,1.5,3.0
1100,26.7,87.0,11.408783783783784,1.0
1101,26.8,88.0,32.5,2.0
1102,26.1,88.0,15.5,1.0
1103,27.2,86.0,0.3,1.0
1104,26.0,91.0,2.5,2.0
1105,26.9,88.0,18.3,3.0
1106,27.3,83.0,11.408783783783784,2.0
1107,26.6,86.0,0.0,2.0
1108,27.0,87.0,1.5,2.0
1109,27.3,82.0,0.0,2.0
1110,27.8,82.0,11.408783783783784,2.0
1111,28.5,78.0,0.0,3.0
1112,27.9,82.0,11.408783783783784,2.0
1113,26.4,90.0,11.408783783783784,2.0
1114,25.9,86.0,9.8,2.0
1115,26.4,88.0,35.1,2.0
1116,25.7,93.0,30.3,0.0
1117,25.3,88.0,0.2,1.0
1118,27.3,83.0,1.0,1.0
1119,24.8,93.0,0.5,0.0
1120,26.0,89.0,3.9,1.0
1121,26.0,88.0,21.6,2.0
1122,25.5,90.0,2.9,2.0
1123,26.0,86.0,1.0,3.0
1124,25.6,87.0,31.5,2.0
1125,25.6,90.0,13.9,2.0
1126,25.9,90.0,16.1,2.0
1127,26.7,86.0,0.0,2.0
1128,26.8,88.0,30.0,2.0
1129,25.5,92.0,41.5,2.0
1130,26.1,90.0,0.4,2.0
1131,26.6,88.0,48.7,2.0
1132,26.9,88.0,38.4,2.0
1133,26.9,89.0,3.6,2.0
1134,26.9,90.0,46.0,2.0
1135,27.0,87.0,17.5,2.0
1136,27.3,86.0,0.5,3.0
1137,27.7,83.0,0.5,2.0
1138,27.3,85.0,0.2,1.0
1139,27.2,88.0,1.2,1.0
1140,27.2,88.0,5.1,1.0
1141,27.0,88.0,3.0,2.0
1142,25.8,94.0,19.7,0.0
1143,25.5,90.0,13.2,1.0
1144,24.7,93.0,0.0,1.0
1145,25.4,90.0,63.0,1.0
1146,26.4,88.0,118.9,2.0
1147,27.1,83.0,17.0,2.0
1148,27.7,80.0,0.0,2.0
1149,27.7,83.0,11.408783783783784,3.0
1150,26.9,80.0,0.1,3.0
1151,26.7,86.0,5.1,2.0
1152,26.6,88.0,11.9,1.0
1153,27.7,81.0,0.2,1.0
1154,28.9,76.0,11.408783783783784,2.0
1155,28.7,78.0,11.408783783783784,2.0
1156,27.3,88.0,4.5,1.0
1157,27.3,83.0,1.5,1.0
1158,28.3,81.0,11.408783783783784,1.0
1159,26.6,88.0,0.4,1.0
1160,27.4,82.0,20.5,1.0
1161,27.3,86.0,11.408783783783784,1.0
1162,26.8,82.0,1.0,3.0
1163,26.0,85.0,0.2,2.0
1164,27.0,85.0,20.3,2.0
1165,25.5,86.0,32.0,1.0
1166,27.4,84.0,0.3,2.0
1167,27.7,80.0,11.408783783783784,2.0
1168,25.6,84.0,11.408783783783784,2.0
1169,26.7,85.0,4.0,1.0
1170,28.2,75.0,0.0,1.0
1171,28.2,78.0,11.408783783783784,1.0
1172,28.2,78.0,0.0,1.0
1173,28.0,83.0,0.0,1.0
1174,27.3,83.0,11.408783783783784,1.0
1175,28.0,81.0,2.2,2.0
1176,28.8,78.0,0.6,2.0
1177,28.9,77.0,11.408783783783784,3.0
1178,27.8,78.0,0.0,3.0
1179,28.3,77.0,11.408783783783784,2.0
1180,28.3,81.0,0.0,1.0
1181,27.9,88.0,13.0,1.0
1182,27.5,85.0,3.3,1.0
1183,28.4,82.0,9.6,1.0
1184,27.5,85.0,11.408783783783784,1.0
1185,28.4,81.0,0.3,2.0
1186,27.2,81.0,1.1,2.0
1187,29.1,76.0,11.408783783783784,1.0
1188,26.1,92.0,45.8,0.0
1189,27.3,85.0,43.6,0.0
1190,28.2,84.0,0.0,1.0
1191,28.1,78.0,2.2,4.0
1192,26.9,85.0,5.5,2.0
1193,28.7,78.0,0.6,3.0
1194,29.2,78.0,0.0,1.0
1195,27.4,82.0,13.4,1.0
1196,27.7,81.0,11.408783783783784,1.0
1197,28.0,80.0,40.2,1.0
1198,27.5,84.0,4.0,1.0
1199,27.7,85.0,11.408783783783784,1.0
1200,26.5,86.0,21.5,1.0
1201,27.7,82.0,4.6,1.0
1202,28.7,80.0,11.408783783783784,1.0
1203,27.9,83.0,11.408783783783784,1.0
1204,28.7,78.0,0.3,1.0
1205,28.2,83.0,7.2,1.0
1206,28.3,75.0,11.408783783783784,2.0
1207,29.0,73.0,0.0,1.0
1208,28.3,74.0,11.408783783783784,1.0
1209,28.2,72.0,0.0,1.0
1210,28.8,74.0,11.408783783783784,2.0
1211,29.5,72.0,11.408783783783784,2.0
1212,29.7,74.0,11.408783783783784,2.0
1213,28.0,81.0,11.408783783783784,1.0
1214,28.2,78.0,25.1,1.0
1215,28.4,77.0,11.408783783783784,2.0
1216,29.1,78.0,15.8,2.0
1217,29.6,74.0,11.408783783783784,2.0
1218,29.4,75.0,11.408783783783784,2.0
1219,28.0,80.0,11.408783783783784,1.0
1220,28.6,82.0,3.9,1.0
1221,27.2,86.0,10.3,1.0
1222,28.4,82.0,2.8,1.0
1223,28.7,80.0,5.2,1.0
1224,28.2,83.0,53.5,1.0
1225,29.3,78.0,1.0,2.0
1226,30.0,74.0,0.0,2.0
1227,29.6,77.0,0.0,2.0
1228,29.2,76.0,0.0,2.0
1229,28.8,76.0,0.0,1.0
1230,29.3,76.0,11.3,2.0
1231,29.7,80.0,0.0,2.0
1232,29.1,78.0,0.0,1.0
1233,27.1,81.0,96.5,0.0
1234,28.6,80.0,11.408783783783784,1.0
1235,29.1,78.0,11.408783783783784,2.0
1236,27.0,86.0,11.408783783783784,1.0
1237,25.5,92.0,60.0,1.0
1238,27.4,86.0,7.6,1.0
1239,28.3,82.0,0.5,2.0
1240,28.5,79.0,22.3,2.0
1241,29.1,75.0,11.408783783783784,3.0
1242,29.6,73.0,11.408783783783784,3.0
1243,28.9,80.0,1.2,1.0
1244,26.3,91.0,22.4,1.0
1245,27.8,82.0,30.5,2.0
1246,27.3,87.0,11.408783783783784,1.0
1247,27.9,85.0,95.5,1.0
1248,27.3,88.0,2.5,1.0
1249,27.3,90.0,18.5,1.0
1250,28.4,84.0,43.5,1.0
1251,28.1,84.0,15.5,1.0
1252,28.6,81.0,11.408783783783784,1.0
1253,28.6,81.0,0.2,1.0
1254,28.7,79.0,11.408783783783784,1.0
1255,28.7,81.0,11.408783783783784,1.0
1256,28.0,85.0,2.2,1.0
1257,27.2,88.0,12.0,1.0
1258,28.2,83.0,1.3,1.0
1259,29.0,77.0,11.408783783783784,2.0
1260,28.1,80.0,11.408783783783784,2.0
1261,27.5,84.0,11.408783783783784,1.0
1262,26.7,85.0,6.0,1.0
1263,26.9,82.0,4.7,1.0
1264,26.5,86.0,11.408783783783784,1.0
1265,26.3,90.0,2.6,0.0
1266,26.0,88.0,11.408783783783784,1.0
1267,25.6,90.0,51.4,1.0
1268,26.8,84.0,16.5,1.0
1269,26.3,89.0,0.0,0.0
1270,25.8,90.0,20.0,1.0
1271,27.7,81.0,7.0,1.0
1272,28.3,79.0,11.408783783783784,2.0
1273,28.1,83.0,0.0,1.0
1274,27.9,79.0,1.5,1.0
1275,27.5,82.0,0.0,0.0
1276,25.9,92.0,0.0,1.0
1277,26.9,85.0,9.6,1.0
1278,28.1,74.0,7.8,2.0
1279,28.6,79.0,0.0,1.0
1280,28.4,73.0,11.408783783783784,1.0
1281,28.1,82.0,0.0,1.0
1282,28.2,77.0,4.5,1.0
1283,27.9,74.0,0.0,2.0
1284,28.2,71.0,0.0,1.0
1285,28.9,73.0,11.408783783783784,1.0
1286,29.9,70.0,0.0,2.0
1287,28.6,77.0,11.408783783783784,2.0
1288,28.7,72.0,24.0,2.0
1289,26.9,80.0,11.408783783783784,1.0
1290,27.5,79.0,0.0,0.0
1291,27.6,78.0,11.408783783783784,1.0
1292,28.1,73.0,0.0,2.0
1293,28.5,74.0,11.408783783783784,1.0
1294,28.6,74.0,11.408783783783784,1.0
1295,28.2,82.0,11.408783783783784,1.0
1296,27.6,84.0,19.6,1.0
1297,28.1,84.0,14.7,1.0
1298,28.4,80.0,11.408783783783784,1.0
1299,26.3,89.0,33.5,1.0
1300,27.0,84.0,11.408783783783784,0.0
1301,27.4,78.0,4.5,1.0
1302,27.6,76.0,11.408783783783784,2.0
1303,27.9,66.0,11.408783783783784,2.0
1304,27.8,67.0,11.408783783783784,1.0
1305,28.0,72.0,0.0,1.0
1306,29.1,72.0,11.408783783783784,1.0
1307,28.2,81.0,11.408783783783784,1.0
1308,27.5,84.0,64.1,1.0
1309,27.8,83.0,4.5,1.0
1310,28.3,78.0,11.408783783783784,1.0
1311,28.5,74.0,11.408783783783784,1.0
1312,25.1,91.0,11.408783783783784,1.0
1313,27.2,76.0,36.4,2.0
1314,28.5,77.0,0.0,2.0
1315,29.1,75.0,0.0,2.0
1316,28.9,78.0,11.408783783783784,2.0
1317,26.7,86.0,53.0,1.0
1318,28.3,73.0,11.408783783783784,2.0
1319,28.4,66.0,11.408783783783784,2.0
1320,27.8,79.0,0.0,1.0
1321,28.6,74.0,11.408783783783784,2.0
1322,29.2,67.0,11.408783783783784,3.0
1323,28.7,70.0,11.408783783783784,2.0
1324,28.9,73.0,11.408783783783784,1.0
1325,27.7,78.0,0.0,1.0
1326,27.5,75.0,0.0,2.0
1327,28.3,70.0,0.0,1.0
1328,27.1,80.0,0.2,1.0
1329,28.2,76.0,0.3,2.0
1330,28.6,79.0,11.408783783783784,1.0
1331,27.9,80.0,0.8,1.0
1332,27.5,73.0,25.1,1.0
1333,28.4,70.0,0.0,1.0
1334,28.4,72.0,11.408783783783784,2.0
1335,28.7,66.0,11.408783783783784,2.0
1336,27.5,80.0,0.0,1.0
1337,28.3,80.0,11.408783783783784,1.0
1338,27.7,78.0,0.0,1.0
1339,28.0,75.0,3.1,2.0
1340,28.6,72.0,0.0,1.0
1341,28.7,70.0,11.408783783783784,1.0
1342,28.8,68.0,0.0,1.0
1343,29.0,79.0,0.0,1.0
1344,28.4,76.0,11.408783783783784,1.0
1345,26.9,82.0,4.5,1.0
1346,27.5,79.0,21.4,1.0
1347,27.5,72.0,10.2,1.0
1348,28.4,68.0,0.0,1.0
1349,28.7,74.0,11.408783783783784,1.0
1350,28.8,82.0,11.408783783783784,1.0
1351,28.2,78.0,10.5,3.0
1352,25.6,87.0,17.5,1.0
1353,27.0,85.0,10.5,1.0
1354,28.9,78.0,0.3,2.0
1355,29.8,69.0,0.0,2.0
1356,30.0,67.0,11.408783783783784,2.0
1357,27.8,80.0,11.408783783783784,1.0
1358,28.6,72.0,5.0,1.0
1359,28.0,75.0,11.408783783783784,2.0
1360,28.7,72.0,11.408783783783784,2.0
1361,28.9,72.0,6.2,3.0
1362,29.2,69.0,0.0,2.0
1363,29.8,74.0,0.0,2.0
1364,28.6,79.0,0.0,2.0
1365,28.4,80.0,5.6,2.0
1366,28.8,80.0,6.0,1.0
1367,29.2,76.0,11.408783783783784,1.0
1368,29.1,76.0,0.0,1.0
1369,29.1,76.0,1.3,1.0
1370,28.7,75.0,11.408783783783784,2.0
1371,28.8,70.0,11.408783783783784,1.0
1372,28.3,76.0,11.408783783783784,1.0
1373,28.6,69.0,20.5,2.0
1374,28.5,82.0,0.0,1.0
1375,28.4,74.0,4.3,1.0
1376,27.5,80.0,11.408783783783784,1.0
1377,29.4,73.0,0.5,1.0
1378,29.7,72.0,11.408783783783784,1.0
1379,28.7,73.0,11.408783783783784,2.0
1380,28.7,72.0,28.5,2.0
1381,29.6,70.0,0.0,1.0
1382,28.7,75.0,0.0,1.0
1383,28.3,86.0,0.1,1.0
1384,29.5,74.0,1.7,1.0
1385,29.2,77.0,17.0,2.0
1386,25.8,92.0,13.0,0.0
1387,27.0,81.0,8.2,2.0
1388,28.5,80.0,11.408783783783784,1.0
1389,27.7,83.0,50.3,2.0
1390,29.2,76.0,0.0,2.0
1391,29.1,75.0,11.408783783783784,2.0
1392,30.0,72.0,11.408783783783784,1.0
1393,26.9,84.0,0.0,1.0
1394,27.8,83.0,5.2,1.0
1395,27.0,86.0,7.0,1.0
1396,26.2,90.0,10.6,1.0
1397,27.8,79.0,1.8,1.0
1398,28.7,74.0,11.408783783783784,2.0
1399,28.2,79.0,0.4,1.0
1400,26.2,89.0,0.0,1.0
1401,27.2,84.0,62.3,1.0
1402,26.1,91.0,0.2,1.0
1403,27.6,86.0,13.8,2.0
1404,26.8,86.0,74.7,0.0
1405,28.8,78.0,0.2,1.0
1406,26.3,89.0,11.408783783783784,2.0
1407,27.8,82.0,117.0,1.0
1408,29.2,83.0,0.0,0.0
1409,27.7,80.0,1.0,2.0
1410,27.7,85.0,0.3,2.0
1411,27.1,81.0,0.0,2.0
1412,27.3,86.0,10.8,1.0
1413,28.4,81.0,10.9,2.0
1414,27.1,84.0,11.408783783783784,2.0
1415,28.9,73.0,0.0,3.0
1416,29.4,74.0,0.0,2.0
1417,29.2,78.0,11.408783783783784,2.0
1418,27.3,82.0,11.408783783783784,2.0
1419,27.0,88.0,0.0,1.0
1420,28.0,82.0,19.0,2.0
1421,28.2,83.0,1.4,3.0
1422,27.1,82.0,11.408783783783784,4.0
1423,28.2,72.0,0.5,2.0
1424,29.0,70.0,0.0,2.0
1425,28.4,80.0,3.0,1.0
1426,26.8,83.0,17.0,3.0
1427,27.0,82.0,8.8,3.0
1428,27.6,80.0,0.5,3.0
1429,28.8,74.0,11.408783783783784,1.0
1430,30.8,63.0,0.0,2.0
1431,32.5,61.0,0.0,3.0
1432,30.4,69.0,11.408783783783784,2.0
1433,26.4,84.0,11.408783783783784,1.0
1434,26.3,85.0,1.3,1.0
1435,27.7,80.0,11.9,1.0
1436,26.4,90.0,49.0,1.0
1437,29.5,76.0,2.0,2.0
1438,28.6,82.0,23.5,1.0
1439,29.6,76.0,2.5,1.0
1440,29.0,79.0,11.408783783783784,1.0
1441,30.0,72.0,1.0,2.0
1442,30.5,73.0,0.0,2.0
1443,29.3,80.0,1.0,1.0
1444,28.3,82.0,17.3,1.0
1445,29.1,77.0,18.5,1.0
1446,29.5,77.0,0.5,1.0
1447,31.0,69.0,9.0,1.0
1448,30.8,72.0,4.1,1.0
1449,28.5,80.0,11.408783783783784,1.0
1450,25.6,92.0,27.4,1.0
1451,28.2,80.0,65.8,1.0
1452,28.0,82.0,8.0,1.0
1453,28.1,82.0,28.5,1.0
1454,28.1,82.0,5.0,1.0
1455,28.4,77.0,25.6,1.0
1456,29.2,77.0,11.408783783783784,2.0
1457,28.2,83.0,0.5,1.0
1458,28.4,81.0,26.5,1.0
1459,29.0,80.0,11.408783783783784,1.0
1460,29.7,75.0,11.408783783783784,2.0
1461,28.2,80.0,0.7,3.0
1462,27.9,82.0,0.0,2.0
1463,28.9,79.0,11.408783783783784,2.0
1464,28.2,74.0,11.408783783783784,1.0
1465,28.5,76.0,0.0,1.0
1466,28.7,80.0,3.0,1.0
1467,28.6,78.0,0.8,2.0
1468,28.4,77.0,1.3,2.0
1469,28.0,83.0,11.408783783783784,2.0
1470,27.8,84.0,1.0,2.0
1471,25.6,92.0,8.0,1.0
1472,25.9,91.0,27.2,2.0
1473,26.5,86.0,29.0,2.0
1474,26.7,86.0,6.5,1.0
1475,26.5,86.0,0.8,2.0
1476,27.0,86.0,11.408783783783784,1.0
1477,27.7,83.0,11.408783783783784,2.0
1478,26.4,88.0,3.0,1.0
1479,27.4,84.0,1.5,2.0
1480,25.5,89.0,6.5,2.0
1481,26.5,84.0,6.0,2.0
1482,26.9,85.0,1.9,1.0
1483,28.8,78.0,7.5,2.0
1484,28.8,74.0,11.408783783783784,3.0
1485,29.1,76.0,0.0,3.0
1486,27.4,84.0,3.8,1.0
1487,28.4,78.0,1.5,2.0
1488,27.3,85.0,0.0,2.0
1489,27.2,84.0,33.2,1.0
1490,27.5,82.0,11.408783783783784,1.0
1491,27.9,78.0,11.408783783783784,1.0
1492,28.3,80.0,11.408783783783784,1.0
1493,28.3,79.0,0.8,1.0
1494,28.4,76.0,11.408783783783784,1.0
1495,26.8,86.0,44.3,1.0
1496,25.8,90.0,4.3,2.0
1497,26.9,84.0,8.0,2.0
1498,27.6,84.0,8.4,1.0
1499,26.2,90.0,11.408783783783784,0.0
1500,27.0,83.0,15.8,2.0
1501,26.8,84.0,1.0,3.0
1502,26.9,81.0,11.408783783783784,1.0
1503,27.6,84.0,7.5,1.0
1504,26.3,87.0,11.408783783783784,1.0
1505,26.0,88.0,33.2,0.0
1506,27.3,84.0,2.2,1.0
1507,27.7,81.0,5.8,2.0
1508,26.1,88.0,11.0,1.0
1509,26.6,88.0,2.5,1.0
1510,27.0,86.0,1.1,1.0
1511,27.0,87.0,6.0,1.0
1512,28.0,78.0,11.408783783783784,1.0
1513,28.7,77.0,7.4,2.0
1514,28.0,83.0,11.408783783783784,2.0
1515,27.8,74.0,0.5,3.0
1516,26.5,84.0,11.408783783783784,2.0
1517,26.0,91.0,3.0,1.0
1518,26.2,86.0,5.5,2.0
1519,27.2,85.0,0.8,2.0
1520,25.6,90.0,39.0,2.0
1521,26.9,86.0,3.7,2.0
1522,27.7,81.0,11.408783783783784,2.0
1523,27.9,83.0,10.5,1.0
1524,26.4,82.0,0.0,2.0
1525,26.9,84.0,1.0,3.0
1526,27.8,80.0,1.2,2.0
1527,27.7,80.0,11.408783783783784,1.0
1528,27.4,83.0,0.6,1.0
1529,27.5,83.0,0.0,1.0
1530,27.0,90.0,4.6,2.0
1531,27.0,90.0,28.0,2.0
1532,27.4,89.0,28.0,1.0
1533,27.8,82.0,17.0,1.0
1534,27.0,87.0,7.8,1.0
1535,27.2,86.0,35.8,1.0
1536,26.1,94.0,11.408783783783784,1.0
1537,27.3,87.0,73.5,1.0
1538,28.1,81.0,4.2,3.0
1539,28.2,75.0,11.408783783783784,3.0
1540,28.7,74.0,0.0,4.0
1541,28.5,77.0,11.408783783783784,2.0
1542,27.1,83.0,11.408783783783784,2.0
1543,28.2,81.0,11.408783783783784,2.0
1544,28.8,78.0,0.0,1.0
1545,26.1,89.0,11.408783783783784,0.0
1546,27.1,84.0,8.5,2.0
1547,27.4,84.0,6.4,1.0
1548,28.0,78.0,4.0,1.0
1549,28.4,76.0,0.0,1.0
1550,28.0,84.0,0.0,1.0
1551,27.7,82.0,15.0,1.0
1552,27.7,81.0,0.4,2.0
1553,26.1,85.0,11.408783783783784,2.0
1554,28.6,77.0,2.1,2.0
1555,27.3,82.0,11.408783783783784,1.0
1556,27.5,80.0,38.7,2.0
1557,28.0,80.0,11.408783783783784,1.0
1558,27.2,82.0,9.0,1.0
1559,27.9,80.0,14.7,1.0
1560,28.3,78.0,11.408783783783784,0.0
1561,28.2,80.0,0.4,1.0
1562,27.4,85.0,12.1,1.0
1563,28.5,81.0,2.1,1.0
1564,28.2,79.0,1.3,2.0
1565,28.9,78.0,0.0,1.0
1566,28.5,78.0,11.408783783783784,1.0
1567,29.0,80.0,11.408783783783784,2.0
1568,28.7,84.0,2.6,1.0
1569,27.3,86.0,3.2,1.0
1570,27.8,83.0,18.3,2.0
1571,26.4,89.0,1.0,1.0
1572,25.5,95.0,2.2,1.0
1573,27.5,85.0,39.7,1.0
1574,28.7,77.0,0.4,1.0
1575,28.4,81.0,11.408783783783784,1.0
1576,28.3,83.0,30.8,2.0
1577,27.1,85.0,0.0,1.0
1578,26.6,85.0,21.7,2.0
1579,28.2,83.0,11.408783783783784,2.0
1580,26.1,90.0,11.408783783783784,1.0
1581,28.3,84.0,37.7,1.0
1582,27.2,87.0,0.2,1.0
1583,28.1,81.0,32.3,1.0
1584,28.5,84.0,0.0,2.0
1585,28.6,77.0,11.408783783783784,1.0
1586,29.7,76.0,11.408783783783784,2.0
1587,28.7,81.0,11.408783783783784,1.0
1588,29.3,76.0,11.408783783783784,2.0
1589,29.1,78.0,11.408783783783784,2.0
1590,29.9,75.0,0.8,1.0
1591,28.0,84.0,4.2,1.0
1592,29.0,79.0,11.408783783783784,2.0
1593,29.3,76.0,11.408783783783784,1.0
1594,28.6,82.0,11.408783783783784,1.0
1595,28.2,83.0,2.5,1.0
1596,27.7,84.0,10.7,1.0
1597,28.7,84.0,30.8,1.0
1598,27.3,87.0,0.3,1.0
1599,27.2,88.0,43.2,1.0
1600,26.9,87.0,4.2,1.0
1601,27.3,84.0,5.5,0.0
1602,27.7,81.0,11.408783783783784,1.0
1603,28.7,79.0,11.408783783783784,2.0
1604,29.4,78.0,0.0,2.0
1605,27.4,85.0,0.0,1.0
1606,27.2,84.0,1.9,1.0
1607,28.4,82.0,11.408783783783784,1.0
1608,25.1,90.0,37.5,0.0
1609,26.7,85.0,26.0,1.0
1610,26.2,87.0,0.1,1.0
1611,26.1,86.0,0.2,2.0
1612,27.4,83.0,11.5,1.0
1613,27.5,86.0,11.408783783783784,1.0
1614,27.4,82.0,24.3,0.0
1615,28.1,80.0,0.0,1.0
1616,27.1,83.0,11.408783783783784,1.0
1617,25.9,88.0,10.9,1.0
1618,27.0,84.0,23.3,1.0
1619,27.0,86.0,11.408783783783784,0.0
1620,24.9,94.0,1.2,0.0
1621,27.3,82.0,23.0,1.0
1622,27.2,89.0,1.0,1.0
1623,26.3,89.0,12.0,1.0
1624,25.6,91.0,68.3,0.0
1625,27.2,88.0,27.0,0.0
1626,26.2,90.0,2.0,0.0
1627,26.0,89.0,15.4,1.0
1628,26.2,87.0,11.408783783783784,0.0
1629,26.6,84.0,11.408783783783784,0.0
1630,27.6,81.0,11.408783783783784,2.0
1631,27.4,82.0,11.408783783783784,1.0
1632,27.7,77.0,3.3,2.0
1633,27.6,84.0,1.6,1.0
1634,28.4,78.0,11.408783783783784,2.0
1635,27.2,82.0,11.408783783783784,1.0
1636,26.9,86.0,11.408783783783784,0.0
1637,26.6,88.0,37.5,0.0
1638,27.9,82.0,1.2,1.0
1639,28.1,80.0,0.2,1.0
1640,27.7,75.0,24.8,1.0
1641,27.2,72.0,11.408783783783784,1.0
1642,28.1,79.0,11.408783783783784,1.0
1643,28.8,76.0,11.408783783783784,1.0
1644,29.2,79.0,11.408783783783784,0.0
1645,29.5,75.0,2.0,3.0
1646,28.7,80.0,11.408783783783784,1.0
1647,26.2,89.0,37.8,0.0
1648,28.0,82.0,0.6,1.0
1649,28.6,80.0,11.408783783783784,0.0
1650,27.9,78.0,11.408783783783784,1.0
1651,29.9,68.0,11.408783783783784,1.0
1652,28.2,74.0,11.408783783783784,1.0
1653,28.7,78.0,11.408783783783784,1.0
1654,26.7,86.0,0.7,1.0
1655,28.1,82.0,24.8,2.0
1656,27.8,89.0,11.408783783783784,1.0
1657,25.3,88.0,65.3,0.0
1658,27.3,83.0,13.2,1.0
1659,27.7,82.0,11.408783783783784,1.0
1660,28.6,80.0,11.408783783783784,1.0
1661,28.9,84.0,11.408783783783784,1.0
1662,28.6,82.0,11.408783783783784,1.0
1663,28.3,86.0,11.408783783783784,1.0
1664,28.1,82.0,0.2,1.0
1665,28.0,82.0,4.0,1.0
1666,28.0,85.0,3.5,1.0
1667,28.3,82.0,11.408783783783784,2.0
1668,28.2,76.0,11.408783783783784,1.0
1669,28.8,76.0,11.408783783783784,2.0
1670,28.9,81.0,11.408783783783784,1.0
1671,29.0,81.0,11.408783783783784,2.0
1672,28.5,80.0,11.408783783783784,1.0
1673,28.4,80.0,11.408783783783784,2.0
1674,28.5,79.0,11.408783783783784,1.0
1675,28.8,80.0,11.408783783783784,2.0
1676,27.5,86.0,11.408783783783784,1.0
1677,28.0,79.0,1.3,2.0
1678,28.2,80.0,11.408783783783784,1.0
1679,28.7,78.0,11.408783783783784,2.0
1680,28.2,80.0,31.8,2.0
1681,28.6,78.0,11.408783783783784,1.0
1682,28.7,84.0,11.408783783783784,2.0
1683,28.9,84.0,11.408783783783784,2.0
1684,28.7,84.0,11.408783783783784,2.0
1685,28.3,82.0,0.5,1.0
1686,28.7,84.0,11.408783783783784,2.0
1687,28.6,86.0,11.408783783783784,2.0
1688,27.7,88.0,0.8,2.0
1689,27.1,90.0,5.0,2.0
1690,28.5,80.0,9.9,2.0
1691,29.1,78.0,11.408783783783784,3.0
1692,29.2,82.0,11.408783783783784,2.0
1693,28.4,82.0,11.408783783783784,1.0
1694,26.6,90.0,11.4,1.0
1695,28.5,86.0,11.408783783783784,2.0
1696,28.5,86.0,15.0,2.0
1697,28.7,79.0,11.408783783783784,2.0
1698,28.3,86.0,11.408783783783784,2.0
1699,28.0,86.0,11.408783783783784,1.0
1700,27.2,86.0,46.5,1.0
1701,27.3,86.0,22.5,1.0
1702,28.2,85.0,11.408783783783784,2.0
1703,28.4,81.0,11.408783783783784,2.0
1704,28.8,82.0,11.408783783783784,2.0
1705,26.5,89.0,11.408783783783784,1.0
1706,27.3,88.0,0.8,3.0
1707,28.3,81.0,11.408783783783784,1.0
1708,29.0,82.0,11.408783783783784,2.0
1709,28.8,85.0,8.0,2.0
1710,26.0,97.0,7.5,1.0
1711,25.5,95.0,63.4,0.0
1712,25.9,89.0,3.6,2.0
1713,25.9,90.0,31.4,1.0
1714,27.1,88.0,35.0,1.0
1715,27.1,87.0,1.3,1.0
1716,26.4,88.0,0.4,1.0
1717,27.4,85.0,19.7,1.0
1718,28.4,84.0,11.408783783783784,1.0
1719,28.2,80.0,11.408783783783784,1.0
1720,28.5,80.0,1.0,2.0
1721,28.3,83.0,11.408783783783784,1.0
1722,27.7,85.0,11.408783783783784,2.0
1723,27.8,79.0,2.6,1.0
1724,28.0,84.0,11.408783783783784,2.0
1725,26.1,92.0,17.5,1.0
1726,26.1,92.0,54.5,1.0
1727,27.7,83.0,30.0,2.0
1728,28.6,82.0,11.408783783783784,1.0
1729,28.4,80.0,11.408783783783784,1.0
1730,28.7,76.0,14.2,2.0
1731,28.5,80.0,11.408783783783784,2.0
1732,28.8,76.0,0.5,2.0
1733,28.1,80.0,11.408783783783784,2.0
1734,29.6,83.0,0.2,2.0
1735,26.6,84.0,8.4,1.0
1736,27.4,86.0,0.7,1.0
1737,27.2,88.0,13.8,1.0
1738,27.0,91.0,43.5,1.0
1739,26.4,90.0,11.408783783783784,1.0
1740,26.0,93.0,18.4,2.0
1741,26.5,90.0,10.2,1.0
1742,27.1,88.0,1.0,2.0
1743,27.2,88.0,11.408783783783784,1.0
1744,26.8,90.0,11.408783783783784,1.0
1745,27.5,82.0,4.5,2.0
1746,26.1,90.0,11.408783783783784,1.0
1747,27.6,85.0,75.3,2.0
1748,27.2,89.0,11.408783783783784,2.0
1749,28.1,87.0,28.0,1.0
1750,29.2,84.0,11.408783783783784,1.0
1751,27.4,88.0,3.3,1.0
1752,26.8,89.0,11.408783783783784,1.0
1753,25.9,93.0,16.7,1.0
1754,27.4,86.0,21.7,2.0
1755,28.3,86.0,11.408783783783784,2.0
1756,28.0,86.0,10.0,3.0
1757,27.9,86.0,11.408783783783784,3.0
1758,27.2,86.0,0.2,2.0
1759,25.9,91.0,25.3,3.0
1760,27.7,82.0,11.408783783783784,1.0
1761,28.2,77.0,11.408783783783784,2.0
1762,29.0,80.0,11.408783783783784,2.0
1763,29.3,76.0,11.408783783783784,2.0
1764,29.1,75.0,11.408783783783784,2.0
1765,28.8,79.0,11.408783783783784,2.0
1766,29.2,84.0,11.408783783783784,2.0
1767,27.2,88.0,36.4,1.0
1768,27.4,87.0,26.4,2.0
1769,25.4,90.0,22.4,1.0
1770,27.3,87.0,67.4,1.0
1771,26.1,93.0,7.8,1.0
1772,26.4,90.0,21.4,1.0
1773,27.1,87.0,18.2,2.0
1774,27.5,88.0,11.408783783783784,2.0
1775,26.9,86.0,5.5,2.0
1776,26.5,89.0,11.408783783783784,2.0
1777,26.2,92.0,1.1,2.0
1778,27.5,86.0,2.4,1.0
1779,27.8,86.0,11.408783783783784,1.0
1780,28.5,81.0,11.408783783783784,1.0
1781,25.4,94.0,31.5,1.0
1782,27.5,84.0,7.2,3.0
1783,27.8,84.0,11.408783783783784,3.0
1784,28.9,79.0,11.408783783783784,3.0
1785,28.7,80.0,11.408783783783784,3.0
1786,28.6,80.0,11.408783783783784,4.0
1787,28.6,82.0,11.408783783783784,2.0
1788,28.4,82.0,11.408783783783784,3.0
1789,26.7,89.0,11.408783783783784,1.0
1790,27.7,86.0,1.1,2.0
1791,27.8,84.0,1.7,2.0
1792,27.2,88.0,0.4,1.0
1793,28.2,83.0,94.5,1.0
1794,27.3,86.0,2.2,1.0
1795,26.6,90.0,9.4,1.0
1796,27.1,88.0,123.8,1.0
1797,27.9,84.0,11.408783783783784,1.0
1798,28.1,84.0,11.408783783783784,1.0
1799,27.0,84.0,0.2,1.0
1800,26.9,90.0,11.408783783783784,1.0
1801,27.1,87.0,29.8,1.0
1802,27.7,86.0,11.408783783783784,1.0
1803,26.8,88.0,11.408783783783784,2.0
1804,28.1,80.0,1.5,2.0
1805,27.7,83.0,11.408783783783784,3.0
1806,28.1,84.0,11.408783783783784,3.0
1807,27.5,87.0,0.3,3.0
1808,28.3,83.0,11.408783783783784,4.0
1809,29.2,77.0,11.408783783783784,3.0
1810,26.2,88.0,11.408783783783784,1.0
1811,28.2,85.0,33.0,2.0
1812,28.4,84.0,8.0,2.0
1813,28.1,83.0,11.408783783783784,1.0
1814,28.1,85.0,11.408783783783784,1.0
1815,28.2,86.0,6.8,2.0
1816,27.5,87.0,0.6,2.0
1817,26.3,88.0,43.7,2.0
1818,26.6,91.0,1.0,1.0
1819,25.3,94.0,15.3,1.0
1820,25.4,94.0,3.4,1.0
1821,25.1,92.0,22.3,2.0
1822,25.2,91.0,0.3,3.0
1823,25.2,92.0,26.1,2.0
1824,25.3,94.0,8.9,1.0
1825,24.9,94.0,3.2,2.0
1826,25.5,94.0,6.8,2.0
